{"minzoom":0,"maxzoom":8,"center":[38.671875,9.101423,8.0],"bounds":[33.005283,3.397261,47.997543,14.907889]}