{"minzoom":0,"maxzoom":9,"center":[33.398438,8.05908,9.0],"bounds":[33.005283,3.397261,47.997543,14.907889]}